{
  "strategy_name": "RSI_EMA",
  "params": {
    "roi": {
      "0": 0.2,
      "720": 0.15,
      "1440": 0.1,
      "2880": 0.05
    },
    "stoploss": {
      "stoploss": -0.12
    },
    "trailing": {
      "trailing_stop": true,
      "trailing_stop_positive": 0.1,
      "trailing_stop_positive_offset": 0.15,
      "trailing_only_offset_is_reached": true
    },
    "max_open_trades": {
      "max_open_trades": 10
    },
    "buy": {
      "atr_mult": 1.19,
      "buy_rsi_oversold": 20,
      "buy_volume_factor": 1.95,
      "distance_threshold": 13.3,
      "ema_compression_level": 0.76,
      "ema_slope_min": 0.307,
      "kelly_multiplier": 0.1,
      "risk_per_trade": 0.032,
      "rsi_divergence_strength": 0.96,
      "rsi_divergence_window": 5,
      "rsi_slope_length": 5,
      "rsi_slope_min": 0.39,
      "short_ema_slope_max": -0.441,
      "short_rsi_slope_max": -1.26,
      "short_rsi_threshold": 70,
      "short_volume_factor": 1.67,
      "volume_delta_min": 2.4
    },
    "sell": {
      "sell_atr_mult": 1.18,
      "sell_ema_slope_max": -0.252,
      "sell_rsi_overbought": 72,
      "sell_rsi_slope_min": -0.5,
      "sell_volume_factor": 1.24
    }
  },
  "ft_stratparam_v": 1,
  "export_time": "2025-12-04 05:41:46.135996+00:00"
}