{"$schema":"https://schema.binancebot.local/schema.json","max_open_trades":10,"stake_currency":"USDT","stake_amount":30,"tradable_balance_ratio":0.99,"fiat_display_currency":"USD","timeframe":"5m","dry_run":true,"cancel_open_orders_on_exit":false,"unfilledtimeout":{"entry":10,"exit":10,"exit_timeout_count":0,"unit":"minutes"},"entry_pricing":{"price_side":"same","use_order_book":true,"order_book_top":1,"price_last_balance":0.0,"check_depth_of_market":{"enabled":false,"bids_to_ask_delta":1}},"exit_pricing":{"price_side":"same","use_order_book":true,"order_book_top":1},"exchange":{"name":"binance","key":"REDACTED","secret":"REDACTED","ccxt_config":{},"ccxt_async_config":{},"pair_whitelist":["ADA/USDT","AEVO/USDT","APT/USDT","ARB/USDT","ATOM/USDT","AVAX/USDT","BNB/USDT","BONK/USDT","BTC/USDT","DOGE/USDT","DOT/USDT","DYM/USDT","EGLD/USDT","ETH/USDT","FET/USDT","FIL/USDT","FLOKI/USDT","GRT/USDT","IMX/USDT","INJ/USDT","JUP/USDT","LINK/USDT","MANTA/USDT","MINA/USDT","NEAR/USDT","ONDO/USDT","OP/USDT","PEPE/USDT","PYTH/USDT","RUNE/USDT","SAGA/USDT","SEI/USDT","SHIB/USDT","SOL/USDT","SUI/USDT","TAO/USDT","TIA/USDT","TRB/USDT","WIF/USDT","XAI/USDT","XRP/USDT","ZK/USDT"],"pair_blacklist":[]},"pairlists":[{"method":"StaticPairList"}],"telegram":{"enabled":false,"token":"REDACTED","chat_id":"REDACTED"},"api_server":{"enabled":false,"listen_ip_address":"127.0.0.1","listen_port":8080,"verbosity":"error","jwt_secret_key":"somethingrandom","CORS_origins":[],"username":"binancebot","password":"REDACTED"},"bot_name":"binancebot","initial_state":"running","force_entry_enable":false,"internals":{"process_throttle_secs":5},"config_files":["config\\config.json"]}